0	-1.782283425
0	-0.9091017842
0	-0.03592011333
0	0.8372615576
1	-1.401729703
1	-1.304837584
1	-1.216046572
1	-1.112012863
1	-1.111799598
1	-1.109880924
1	-1.1068964
1	-1.106683254
1	-1.105404139
1	-1.104551315
1	-1.104338169
1	-1.101353645
1	-1.10114038
1	-1.100927234
1	-1.09975481
1	-1.09900856
1	-1.097729445
1	-1.097516298
1	-1.097303152
1	-1.09112072
1	-1.090907574
1	-1.0889889
1	-1.087070227
1	-1.08685708
1	-1.084085703
1	-1.083019733
1	-1.082806587
1	-1.082593441
1	-1.081101179
1	-1.080887914
1	-1.079182506
1	-1.07896924
1	-1.07683742
1	-1.076197863
1	-1.075345159
1	-1.07502532
1	-1.074279308
1	-1.064899206
1	-1.042514801
1	-1.026099682
1	-1.011389971
1	-1.004141808
1	-0.9951879978
1	-0.9943352938
1	-0.9741894007
1	-0.9566017389
1	-0.9340042472
1	-0.913751781
1	-0.9075694084
1	-0.894138813
1	-0.8868905902
1	-0.8866773844
1	-0.8659986258
1	-0.8515020609
1	-0.850009799
1	-0.8306100368
1	-0.8106773496
1	-0.8071597815
1	-0.8050279617
1	-0.7892524004
1	-0.7773140669
1	-0.7651625872
1	-0.7647362351
1	-0.7513056397
1	-0.749600172
1	-0.7406464815
1	-0.7336113453
1	-0.7226324081
1	-0.7106940746
1	-0.7103743553
1	-0.6909745932
1	-0.6767978668
1	-0.6615552306
1	-0.6427950263
1	-0.6251007318
1	-0.6123096943
1	-0.6006911993
1	-0.60037148
1	-0.5805453062
1	-0.5745761991
1	-0.5737234354
1	-0.5485677719
1	-0.5379085541
1	-0.5229856968
1	-0.5084891915
1	-0.5082759857
1	-0.5008145571
1	-0.4865312576
1	-0.4773643315
1	-0.4771511555
1	-0.4605228007
1	-0.442828536
1	-0.4330220819
1	-0.4244947433
1	-0.4070136547
1	-0.3822843134
1	-0.3677878082
1	-0.3513726592
1	-0.3351706862
1	-0.3228060007
1	-0.3124665916
1	-0.2878438234
1	-0.2742000818
1	-0.273986876
1	-0.2541607916
1	-0.2473389059
1	-0.2390247285
1	-0.2170667946
1	-0.2083262503
1	-0.2081130743
1	-0.1944693029
1	-0.183170557
1	-0.1611060202
1	-0.1482083946
1	-0.140960142
1	-0.1262504458
1	-0.1170835495
1	-0.1117539406
1	-0.1008815616
1	-0.08617188036
1	-0.08073569089
1	-0.07252810895
1	-0.06144254655
1	-0.0492910631
1	-0.04673285782
1	-0.02925177664
1	-0.02456173114
1	-0.003456525737
1	0.01445092168
1	0.03512975946
1	0.04941308126
1	0.05794043839
1	0.07989837229
1	0.09290260077
1	0.1094243452
1	0.1254131496
1	0.1378844082
1	0.1530204564
1	0.1532336473
1	0.1626137197
1	0.1730597317
1	0.1824398339
1	0.1916067302
1	0.208021909
1	0.2083416879
1	0.2182547301
1	0.2342435122
1	0.2508718669
1	0.265794754
1	0.2785857916
1	0.2905240655
1	0.3065128624
1	0.3075788021
1	0.3222884536
1	0.3342267871
1	0.3344399333
1	0.3519210219
1	0.3679098487
1	0.3789953887
1	0.3868831992
1	0.3986083269
1	0.4072422385
1	0.4075620174
1	0.420779407
1	0.4233376384
1	0.4361286759
1	0.4538229108
1	0.4698117375
1	0.4838818908
1	0.4970992804
1	0.498378396
1	0.503708005
1	0.5290768147
1	0.5335537195
1	0.5515677929
1	0.5621203184
1	0.5806673765
1	0.6030516624
1	0.622025013
1	0.6285271645
1	0.6405720711
1	0.6616772413
1	0.6759605408
1	0.6993042231
1	0.7215819359
1	0.7320278883
1	0.7352256775
1	0.7450321317
1	0.7598484159
1	0.7601681948
1	0.7657109499
1	0.7829788923
1	0.7981148958
1	0.8109059334
1	0.8263617754
1	0.8503450155
1	0.8614305258
1	0.8836016655
1	0.8878653049
1	0.8912763
1	0.9102497101
1	0.9317812324
1	0.9594951868
1	0.9865695238
1	1.011298895
1	1.031338096
1	1.050951004
1	1.057772875
1	1.067792535
1	1.081009984
1	1.090603232
1	1.109789848
1	1.121195078
1	1.129402637
1	1.149015665
1	1.166283488
1	1.185470104
1	1.204443455
1	1.221178293
1	1.232370496
1	1.235994697
1	1.257526159
1	1.267119527
1	1.278631449
1	1.292062044
1	1.31231451
1	1.340241551
1	1.379680634
1	1.419865847
1	1.46324873
1	1.504606485
1	1.537223577
1	1.582631707
1	1.624522328
1	1.669184327
1	1.714272738
1	1.756483078
1	1.797094703
1	1.840584159
1	1.880449533
1	1.919995189
1	1.959327698
1	1.980006456
1	1.998340249
1	2.030424595
1	2.046519756
1	2.068904161
1	2.069117308
1	2.103013515
1	2.11388588
1	2.128808737
1	2.159294128
1	2.188500404
1	2.188713551
2	-0.6972907186
2	0.1546950638
2	1.006680846
2	1.858666658
3	-0.243278563
3	-0.2199973464
3	-0.2187429816
3	-0.1770414561
3	-0.1305754483
3	-0.1156469882
3	-0.09616928548
3	-0.07585287094
3	-0.06349460781
3	-0.05997785181
3	-0.05441663414
3	-0.04221141338
3	-0.03204812109
3	-0.0285344962
3	-0.01181855891
3	0.01655395888
3	0.05320744962
3	0.07677546889
3	0.09020026028
3	0.109552294
3	0.1189608276
3	0.1236903071
3	0.142903924
3	0.1664345711
3	0.1898752004
3	0.2122237682
3	0.2220794708
3	0.2305782139
3	0.2390745282
3	0.2463169545
3	0.2554201484
3	0.2799063921
3	0.3029736876
3	0.3122062087
3	0.3189815283
3	0.3427012563
3	0.3675540686
3	0.3748292327
3	0.3846652806
3	0.4030706882
3	0.468775481
3	0.5294612646
3	0.5384209752
3	0.5488795042
3	0.5680789948
3	0.5898592472
3	0.6106750965
3	0.6210330129
3	0.6549937129
3	0.7042722702
3	0.7258309126
3	0.7472563982
3	0.7741715908
3	0.8824266195
3	1.028769016
3	1.093910933
3	1.122204781
3	1.136190057
3	1.169900894
3	1.207486391
3	1.279877663
3	1.410320997
3	1.589515805
3	1.79506278
3	1.992177129
3	2.184171677
3	2.366123199
3	2.577317238
3	2.80475688
3	3.297542572
3	3.85580349
3	4.192339897
3	4.407373905
3	4.727885246
3	5.091788292
3	5.420312881
3	6.330070972
3	7.174846649
3	8.463670731
3	10.57561016
4	-1.830722809
4	-1.811952591
4	-1.805877924
4	-1.79925704
4	-1.783899665
4	-1.768781185
4	-1.752024412
4	-1.736769438
4	-1.724312782
4	-1.718954802
4	-1.712709308
4	-1.693256617
4	-1.676158667
4	-1.668002129
4	-1.659197092
4	-1.643293619
4	-1.628209114
4	-1.610462785
4	-1.593740225
4	-1.573809624
4	-1.564800024
4	-1.556268096
4	-1.54193449
4	-1.528078556
4	-1.513983965
4	-1.50848937
4	-1.500025749
4	-1.484395266
4	-1.468218684
4	-1.450506449
4	-1.432794094
4	-1.41480875
4	-1.399792671
4	-1.383206606
4	-1.375254869
4	-1.365972161
4	-1.354095697
4	-1.345495462
4	-1.336997747
4	-1.322356939
4	-1.310173392
4	-1.293246031
4	-1.27727437
4	-1.26120019
4	-1.24495542
4	-1.228676558
4	-1.221168399
4	-1.213626146
4	-1.199463248
4	-1.19205749
4	-1.183116078
4	-1.168168068
4	-1.160591841
4	-1.153424978
4	-1.136907101
4	-1.122164011
4	-1.107523203
4	-1.086637139
4	-1.068686008
4	-1.051997542
4	-1.039029002
4	-1.022135735
4	-1.007153749
4	-0.9911819696
4	-0.9829913378
4	-0.9748007059
4	-0.9570884705
4	-0.9415603876
4	-0.9327895641
4	-0.9264076948
4	-0.9101629257
4	-0.8933038712
4	-0.8761035204
4	-0.8687660694
4	-0.8615651131
4	-0.8475728035
4	-0.8349455595
4	-0.817642808
4	-0.8003400564
4	-0.7861770391
4	-0.7698640823
4	-0.7505136728
4	-0.7339959145
4	-0.7187066078
4	-0.7061476707
4	-0.6897322536
4	-0.6724295616
4	-0.6563212872
4	-0.64901793
4	-0.64028126
4	-0.6297358274
4	-0.6193268299
4	-0.6192244887
4	-0.6097028255
4	-0.6006249189
4	-0.5829808712
4	-0.5660535693
4	-0.550047636
4	-0.5337346792
4	-0.5184795856
4	-0.5019276142
4	-0.4903242588
4	-0.4751374424
4	-0.4599506259
4	-0.4415216744
4	-0.4262666106
4	-0.4073939919
4	-0.3946985006
4	-0.3900571465
4	-0.3787608743
4	-0.3635399342
4	-0.3523801863
4	-0.3390704095
4	-0.3233034015
4	-0.3086967468
4	-0.2966838479
4	-0.2823160887
4	-0.2704737782
4	-0.256754458
4	-0.2410898507
4	-0.2264490724
4	-0.2106820941
4	-0.1951198578
4	-0.1805132329
4	-0.1654970348
4	-0.1497300565
4	-0.1370345652
4	-0.1369663179
4	-0.1225303039
4	-0.1214723438
4	-0.1153293699
4	-0.09887982905
4	-0.08690100908
4	-0.07195308805
4	-0.05601546541
4	-0.04263741523
4	-0.02741647139
4	-0.01175186969
4	0.006677075289
4	0.02299010381
4	0.03879121691
4	0.04554849863
4	0.05329547822
4	0.07032519579
4	0.08759379387
4	0.1022345647
4	0.1189571247
4	0.1343487203
4	0.1425052285
4	0.1492283642
4	0.1622651517
4	0.1801480502
4	0.1886458397
4	0.1955054998
4	0.2094978392
4	0.2155725658
4	0.2228076458
4	0.2384381145
4	0.2549559176
4	0.2619179487
4	0.2693919241
4	0.2852612734
4	0.3006870151
4	0.3072395027
4	0.3148841262
4	0.3250882626
4	0.3403433561
4	0.3508546948
4	0.3578849733
4	0.365427196
4	0.3827299178
4	0.3892824352
4	0.3966540098
4	0.4126598835
4	0.4263451099
4	0.4264133573
4	0.4350476563
4	0.4441597462
4	0.4512241781
4	0.459585458
4	0.4836113453
4	0.5006752014
4	0.5161691904
4	0.5320043564
4	0.5474983454
4	0.5634701252
4	0.5771894455
4	0.5928199291
4	0.6081091166
4	0.6233641505
4	0.6390287876
4	0.6565704346
4	0.6730881929
4	0.6902202368
4	0.7027109861
4	0.7078983784
4	0.7159184217
4	0.7201161385
4	0.7203891277
4	0.7219931483
4	0.7256448269
4	0.7392276525
4	0.7446880341
4	0.7543120384
4	0.7638678551
4	0.7712393999
4	0.7783720493
4	0.7845833302
4	0.8003844023
4	0.8080290556
4	0.8165609837
4	0.8300755024
4	0.8363549709
4	0.8444091082
4	0.8591864109
4	0.8665921092
4	0.8746461868
4	0.8827003241
4	0.8911640644
4	0.9038594961
4	0.9186708927
4	0.9334481955
4	0.9496247768
4	0.9675076604
4	0.9810563326
4	0.994707346
4	1.010133028
4	1.021395206
4	1.036343098
4	1.052144289
4	1.066546202
4	1.084736228
4	1.097192764
4	1.111970067
4	1.113642454
4	1.122003555
4	1.130535603
4	1.138931036
4	1.152718544
4	1.168519735
4	1.181795359
4	1.199814796
4	1.217185736
4	1.233942389
4	1.250118971
4	1.264657259
4	1.279332161
4	1.294280052
4	1.308340788
4	1.321616411
4	1.337826967
4	1.352297187
4	1.372022986
4	1.389837623
5	-2.783038139
5	-2.680939436
5	-2.578840733
5	-2.476742268
5	-2.374643803
5	-2.272545338
5	-2.170446634
5	-2.068347931
5	-1.966249466
5	-1.864150763
5	-1.762052298
5	-1.659953594
5	-1.557855129
5	-1.455756426
5	-1.353657961
5	-1.251559258
5	-1.149460793
5	-1.047362208
5	-0.9452636242
5	-0.84316504
5	-0.7410664558
5	-0.6389678717
5	-0.5368692875
5	-0.4347707033
5	-0.3326721191
5	-0.230573535
5	-0.1284749657
5	-0.02637638152
5	0.07572220266
5	0.1778207719
5	0.2799193561
5	0.3820179403
5	0.4841164947
6	0.2833097875
7	-0.1822706014
7	-0.1372951418
7	-0.09231967479
7	-0.04734421521
7	-0.002368750982
7	0.04260671139
7	0.08758217096
7	0.1325576305
7	0.1775330901
7	0.2225085646
7	0.2674840093
7	0.3124594688
7	0.3574349582
7	0.4024104178
7	0.4473858774
7	0.4923613369
7	0.5373368263
7	0.5823122263
7	0.6272877455
7	0.6722631454
7	0.7172386646
7	0.7622140646
7	0.8071895838
7	0.8521649837
7	0.8971405029
7	0.9421159029
7	0.9870914221
7	1.032066822
7	1.077042341
7	1.12201786
7	1.16699326
7	1.21196866
7	1.25694418
7	1.301919699
7	1.346895099
7	1.391870499
7	1.436846018
7	1.481821537
7	1.526796937
7	1.571772337
7	1.616747856
7	1.661723375
7	1.706698775
7	1.751674294
7	1.796649694
7	1.841625214
7	1.886600733
7	1.931576133
7	1.976551533
7	2.021527052
7	2.066502571
7	2.111477852
7	2.156453609
7	2.20142889
7	2.246404171
7	2.291379929
7	2.336355209
7	2.381330729
7	2.426306248
7	2.471281528
7	2.516257286
7	2.561232567
7	2.606207848
7	2.651183605
7	2.718646526
7	2.786109924
7	2.853573084
7	2.943523884
7	3.010987282
7	3.055962563
7	3.10093832
7	3.145913601
7	3.190888882
7	3.235864639
7	3.28083992
7	3.348303318
7	3.415766239
7	3.505717278
7	3.595668316
7	3.663131237
7	3.730594635
7	3.775569916
7	3.865520954
7	4.000447273
7	4.15786171
7	4.315275192
7	4.405226707
7	4.450201988
7	4.495177269
7	4.540153027
7	4.585128307
7	4.630104065
7	4.675079346
7	4.720054626
7	4.810005665
7	4.899956703
7	4.944931984
7	5.012394905
7	5.169809341
7	5.304735661
7	5.46214962
7	5.619564056
7	5.664539337
7	5.844441414
7	6.136781693
7	6.294196129
7	6.496585846
7	6.698975086
7	6.811413765
7	6.991315842
7	7.171217442
7	7.28365612
7	7.328631401
7	7.441070557
7	7.575996399
7	7.958288193
7	8.363067627
7	8.587944031
7	9.037698746
7	9.802282333
7	11.12905884
7	12.72568703
7	13.91753674
7	15.85148239
7	17.65050125
7	18.0103035
7	19.53947067
7	25.38628006
7	33.61679077
7	38.87892151
7	44.86065674
8	1.889091492
9	3.525951624
10	1.585808873
11	-2.045795918
11	-2.0299685
11	-2.014141083
11	-2.006227493
11	-1.970616102
11	-1.95874548
11	-1.95083189
11	-1.942918181
11	-1.935004473
11	-1.919177175
11	-1.911263466
11	-1.895436168
11	-1.871695161
11	-1.863781452
11	-1.855867863
11	-1.828170061
11	-1.816299438
11	-1.808385849
11	-1.784644842
11	-1.77277422
11	-1.760903835
11	-1.737162828
11	-1.709465027
11	-1.697594404
11	-1.681767106
11	-1.673853397
11	-1.634285092
11	-1.626371384
11	-1.618457794
11	-1.594716787
11	-1.563062072
11	-1.539321065
11	-1.531407356
11	-1.523493767
11	-1.507666349
11	-1.483925343
11	-1.476011753
11	-1.456227541
11	-1.444357038
11	-1.420616031
11	-1.412702322
11	-1.388961315
11	-1.381047726
11	-1.365220308
11	-1.34939301
11	-1.329608917
11	-1.301910996
11	-1.290040493
11	-1.270256281
11	-1.246515274
11	-1.222774267
11	-1.19903326
11	-1.175292253
11	-1.167378664
11	-1.135723948
11	-1.104069233
11	-1.080328226
11	-1.064500928
11	-1.032846212
11	-1.024932623
11	-1.009105206
11	-0.9853641987
11	-0.9695369005
11	-0.9418390989
11	-0.9141411781
11	-0.8864433765
11	-0.8745728731
11	-0.8666591644
11	-0.854788661
11	-0.8350045681
11	-0.8112635612
11	-0.7954361439
11	-0.7875225544
11	-0.7796088457
11	-0.771695137
11	-0.7637815475
11	-0.7400405407
11	-0.732126832
11	-0.6965153217
11	-0.6846448183
11	-0.6688174605
11	-0.6569469571
11	-0.6371628046
11	-0.6134217978
11	-0.59759444
11	-0.5698965788
11	-0.5580260754
11	-0.5501124263
11	-0.5421987772
11	-0.5263714194
11	-0.5105440617
11	-0.4868030846
11	-0.4630620778
11	-0.4472347498
11	-0.4393210709
11	-0.431407392
11	-0.4116232395
11	-0.3839253783
11	-0.3760117292
11	-0.3601843715
11	-0.3522707224
11	-0.3206160367
11	-0.3008318543
11	-0.2889613509
11	-0.2810477018
11	-0.2652203441
11	-0.2493930161
11	-0.2098246664
11	-0.2019110024
11	-0.1544289887
11	-0.1465153098
11	-0.1386016458
11	-0.1306879818
11	-0.1069469675
11	-0.09507646412
11	-0.07529228926
11	-0.05946495384
11	-0.05155128241
11	-0.03176711127
11	-0.01989660785
11	0.003844399238
11	0.01175806858
11	0.01967173815
11	0.043412745
11	0.05924008414
11	0.07506741583
11	0.08298109472
11	0.1067221016
11	0.1304631084
11	0.1462904513
11	0.1542041004
11	0.1779451072
11	0.1858587861
11	0.2293839753
11	0.2412544787
11	0.2729091644
11	0.3045638204
11	0.3124774694
11	0.3283048272
11	0.344132185
11	0.3520458341
11	0.3757868409
11	0.38370049
11	0.3916141987
11	0.3995278478
11	0.4074414968
11	0.4153552055
11	0.4232688546
11	0.4430530071
11	0.4549235106
11	0.4786645472
11	0.4865782261
11	0.5024055243
11	0.5142760277
11	0.5419738889
11	0.5854990482
11	0.5973695517
11	0.6052832603
11	0.6131969094
11	0.6369379163
11	0.6448515654
11	0.652765274
11	0.6606789231
11	0.6685925722
11	0.68441993
11	0.6962904334
11	0.7239882946
11	0.7477293015
11	0.7556429505
11	0.7793839574
11	0.8031249642
11	0.818952322
11	0.8268659711
11	0.8506070375
11	0.8822616339
11	0.8901753426
11	0.9060026407
11	0.9218300581
11	0.9297436476
11	0.9376573563
11	0.9534846544
11	0.98513937
11	0.9930530787
11	1.008880377
11	1.016793966
11	1.024707794
11	1.040534973
11	1.056362391
11	1.068232894
11	1.095930815
11	1.119671822
11	1.127585411
11	1.151326418
11	1.186937928
11	1.198808432
11	1.214635849
11	1.230463028
11	1.254204035
11	1.270031452
11	1.277945042
11	1.309599876
11	1.341254473
11	1.349168062
11	1.35708189
11	1.372909069
11	1.388736486
11	1.396650076
11	1.404563904
11	1.428304911
11	1.4362185
11	1.456002712
11	1.475786924
11	1.499527931
11	1.527225733
11	1.539096117
11	1.547009945
11	1.562837124
11	1.586578131
11	1.602405548
11	1.626146555
11	1.634060144
11	1.649887562
11	1.657801151
11	1.665714979
11	1.673628569
11	1.681542158
11	1.689455986
11	1.713196993
11	1.748808384
11	1.784420013
11	1.820031404
11	1.855643034
11	1.871470332
11	1.88729763
11	1.911038637
11	1.958520651
11	1.990175247
11	2.013916492
11	2.021830082
11	2.037657261
11	2.049527884
11	2.069312096
11	2.100966692
11	2.148448706
11	2.156362534
11	2.180103302
11	2.203844547
11	2.243412733
11	2.275067329
11	2.298808575
11	2.318592548
11	2.330463171
11	2.33837676
11	2.366074562
12	-0.5853737593
12	-0.5778459311
12	-0.5703181028
12	-0.5627903342
12	-0.5552625656
12	-0.5477347374
12	-0.5402069092
12	-0.532679081
12	-0.5251513124
12	-0.5176235437
12	-0.5100957155
12	-0.5025678873
12	-0.4950401187
12	-0.4875122905
12	-0.4799844921
12	-0.4724566936
12	-0.4649288654
12	-0.4574010968
12	-0.4498732686
12	-0.4423455
12	-0.4348176718
12	-0.4272898436
12	-0.4197620749
12	-0.4122342467
12	-0.4047064781
12	-0.3971786499
12	-0.3896508217
12	-0.3821230531
12	-0.3745952249
12	-0.3670674562
12	-0.359539628
12	-0.3520118296
12	-0.3444840312
12	-0.336956203
12	-0.3294284344
12	-0.3219006062
12	-0.3143728077
12	-0.3068450093
12	-0.2993171811
12	-0.2917894125
12	-0.2842615843
12	-0.2767338157
12	-0.2692059875
12	-0.2616781592
12	-0.2541503906
12	-0.2466225773
12	-0.239094764
12	-0.2315669656
12	-0.2240391672
12	-0.2165113688
12	-0.2089835554
12	-0.2014557421
12	-0.1939279437
12	-0.1864001453
12	-0.1788723469
12	-0.1713445336
12	-0.1638167351
12	-0.1562889218
12	-0.1487611234
12	-0.141233325
12	-0.1337055266
12	-0.1261777133
12	-0.1186499149
12	-0.1111221015
12	-0.1035943031
12	-0.09606649727
12	-0.0885386914
12	-0.08101089299
12	-0.07348307967
12	-0.06595528126
12	-0.05842747539
12	-0.05089967698
12	-0.04337187111
12	-0.03584406525
12	-0.02831626311
12	-0.02078845724
12	-0.01326065511
12	-0.005732851103
12	0.00179495255
12	0.00932275597
12	0.0168505609
12	0.02437836304
12	0.03190616518
12	0.03943397105
12	0.04696177691
12	0.05448957905
12	0.06201738492
12	0.06954518706
12	0.07707299292
12	0.08460079134
12	0.09212860465
12	0.09965640306
12	0.1071842015
12	0.1147120148
12	0.1222398132
12	0.1297676265
12	0.1372954249
12	0.1448232234
12	0.1523510218
12	0.1598788351
12	0.1674066335
12	0.1749344468
12	0.1824622452
12	0.1899900436
12	0.197517857
12	0.2050456554
12	0.2125734687
12	0.2201012671
12	0.2276290655
12	0.2351568639
12	0.2426846772
12	0.2502124906
12	0.2577402592
12	0.2652680874
12	0.2727959156
12	0.2803236842
12	0.2878515124
12	0.295379281
12	0.3029071093
12	0.3104349077
12	0.3179627061
12	0.3254905343
12	0.3330183029
12	0.3405461311
12	0.3480739295
12	0.355601728
12	0.3631295562
12	0.3706573248
12	0.378185153
12	0.3857129216
12	0.3932407498
12	0.4007685781
12	0.4082963467
12	0.4158241749
12	0.4233519435
12	0.4308797717
12	0.4384075999
12	0.4459353685
12	0.4534631968
12	0.4609909654
12	0.4685187936
12	0.4760466218
12	0.4835743904
12	0.4911022186
12	0.4986299872
12	0.5061578155
12	0.5136855841
12	0.5212134123
12	0.5287412405
12	0.5362690091
12	0.5437968373
12	0.5513246059
12	0.5588524342
12	0.5663802624
12	0.5814358592
12	0.596491456
12	0.6040192842
12	0.6115470529
12	0.6190748811
12	0.6341304779
12	0.6416583061
12	0.6491860747
12	0.656713903
12	0.6642416716
12	0.679297328
12	0.6868250966
12	0.6943528652
12	0.7094085217
12	0.7169363499
12	0.7244641185
12	0.7319918871
12	0.7395197153
12	0.7470475435
12	0.7621031404
12	0.7771587372
12	0.7922143936
12	0.8072699308
12	0.8223255873
12	0.8373811841
12	0.8524367809
12	0.8599646091
12	0.8825479746
12	0.897603631
12	0.9201869965
12	0.9352426529
12	0.9427704215
12	0.9578260183
12	0.9804094434
12	0.9954650402
12	1.002992868
12	1.025576234
12	1.04063189
12	1.048159719
12	1.070743084
12	1.093326569
12	1.115909934
12	1.130965471
12	1.146021128
12	1.161076784
12	1.176132321
12	1.191187978
12	1.206243515
12	1.236354828
12	1.266466022
12	1.289049387
12	1.304105043
12	1.326688409
12	1.341744065
12	1.364327431
12	1.394438624
12	1.424549818
12	1.447133303
12	1.469716668
12	1.50735569
12	1.544994712
12	1.567578197
12	1.590161562
12	1.635328412
12	1.672967434
12	1.718134165
12	1.778356671
12	1.808467865
12	1.83105135
12	1.891273737
12	1.936440587
12	1.989135146
12	2.056885481
12	2.124635696
12	2.154746771
12	2.19991374
12	2.245080471
12	2.275191784
12	2.357997656
12	2.440803528
12	2.501025915
12	2.561248302
12	2.674165249
12	2.71180439
12	2.779554605
12	2.832249165
12	2.877416134
12	2.99033308
12	3.125833511
12	3.283917427
12	3.442001343
12	3.645251989
12	3.901197433
12	4.183489799
12	4.548588753
12	4.800769806
12	5.113173485
12	5.790676117
12	6.791873932
12	6.949957848
13	-5.073652267
13	-4.834324837
13	-4.594997406
13	-4.435445786
13	-4.275894165
13	-4.116342545
13	-3.956790924
13	-3.797239065
13	-3.637687445
13	-3.478135824
13	-3.318584204
13	-3.159032583
13	-2.999480963
13	-2.839929342
13	-2.680377722
13	-2.361274481
13	-2.04217124
13	-1.8826195
13	-1.72306788
13	-1.483740449
13	-1.244412899
13	-1.084861279
13	-0.9253096581
13	-0.7657580376
13	-0.6062064171
13	-0.4466547966
13	-0.2871031463
13	-0.1275515109
13	0.03200012445
13	0.1915517598
13	0.3511033952
13	0.5106550455
13	0.670206666
13	0.8297582865
13	0.989309907
13	1.148861527
13	1.308413267
13	1.467964888
13	1.627516508
13	1.787068129
13	1.946619749
13	2.10617137
13	2.26572299
13	2.425274611
13	2.584826231
13	2.744377851
13	2.903929472
13	3.063481092
13	3.223032951
13	3.382584572
13	3.542136192
13	3.701687813
13	3.861239433
13	4.020791054
13	4.180342674
13	4.339894295
13	4.499445915
13	4.658997536
13	4.818549156
13	5.057876587
13	5.297204018
13	5.456755638
13	5.616307259
13	5.775858879
13	5.9354105
14	-2.358915567
14	-2.345619917
14	-2.332324266
14	-2.312380791
14	-2.292437553
14	-2.279141903
14	-2.259198427
14	-2.225959301
14	-2.186072588
14	-2.146185637
14	-2.119594574
14	-2.093003273
14	-2.066411972
14	-2.039820671
14	-2.026525021
14	-2.013229609
14	-1.999933958
14	-1.986638308
14	-1.966694832
14	-1.920160174
14	-1.906864643
14	-1.893568993
14	-1.880273342
14	-1.866977692
14	-1.853682041
14	-1.84038651
14	-1.820443153
14	-1.800499678
14	-1.787204027
14	-1.773908377
14	-1.720725894
14	-1.694134712
14	-1.680839062
14	-1.65424788
14	-1.640952229
14	-1.627656579
14	-1.614361048
14	-1.601065397
14	-1.587769747
14	-1.534587264
14	-1.521291733
14	-1.507996082
14	-1.494700432
14	-1.481404781
14	-1.468109131
14	-1.4548136
14	-1.441517949
14	-1.428222299
14	-1.414926767
14	-1.401631117
14	-1.388335466
14	-1.375039816
14	-1.361744285
14	-1.341800809
14	-1.308561802
14	-1.295266151
14	-1.26867485
14	-1.242083669
14	-1.228788137
14	-1.215492487
14	-1.202196836
14	-1.188901186
14	-1.175605536
14	-1.162310004
14	-1.149014354
14	-1.135718703
14	-1.122423172
14	-1.109127522
14	-1.095831871
14	-1.06924057
14	-1.055945039
14	-1.042649388
14	-1.029353857
14	-1.002762556
14	-0.9894669056
14	-0.9761713147
14	-0.9495800734
14	-0.9362844229
14	-0.9229888916
14	-0.9096932411
14	-0.8963975906
14	-0.8831019998
14	-0.8565107584
14	-0.8432151079
14	-0.829919517
14	-0.8166239262
14	-0.8033282757
14	-0.7900326252
14	-0.7634414434
14	-0.750145793
14	-0.7235546112
14	-0.6969633102
14	-0.6836677194
14	-0.6703721285
14	-0.6304852366
14	-0.6038939953
14	-0.5773028135
14	-0.564007163
14	-0.5241203308
14	-0.4975290596
14	-0.4775856435
14	-0.4576421976
14	-0.4443466067
14	-0.4310509562
14	-0.4177553654
14	-0.4044597149
14	-0.3845162988
14	-0.3645728827
14	-0.3379816413
14	-0.3113903999
14	-0.2980948091
14	-0.2847991586
14	-0.2515601218
14	-0.2249688953
14	-0.1717864275
14	-0.1385473758
14	-0.09866052866
14	-0.08536490798
14	-0.0720692873
14	-0.05877367407
14	-0.04547805339
14	-0.03218243644
14	-0.01888681762
14	-0.005591200199
14	0.007704418153
14	0.02100003697
14	0.03429565579
14	0.04759127274
14	0.07418251038
14	0.1007737443
14	0.114069365
14	0.1273649782
14	0.1406605989
14	0.1672518402
14	0.1938430667
14	0.2071386874
14	0.2204343081
14	0.2337299287
14	0.2470255494
14	0.2603211403
14	0.2736167908
14	0.3002080321
14	0.313503623
14	0.3400948644
14	0.3799816966
14	0.3932773471
14	0.406572938
14	0.4198685884
14	0.4730510712
14	0.486346662
14	0.5262335539
14	0.5794160366
14	0.5993593931
14	0.6259506941
14	0.6458940506
14	0.6591897011
14	0.6724853516
14	0.6857809424
14	0.6990765333
14	0.7123721838
14	0.7256678343
14	0.7655546665
14	0.7788502574
14	0.7987936735
14	0.8187371492
14	0.8320327401
14	0.845328331
14	0.8586239815
14	0.871919632
14	0.8852152228
14	0.8985108137
14	0.9118064642
14	0.9251020551
14	0.9516932964
14	0.9782845378
14	0.9915801287
14	1.01817143
14	1.031466961
14	1.058058262
14	1.084649444
14	1.097945094
14	1.111240745
14	1.124536276
14	1.137831926
14	1.151127577
14	1.164423227
14	1.177718878
14	1.20431006
14	1.217605591
14	1.230901241
14	1.244196892
14	1.270788193
14	1.284083724
14	1.323970556
14	1.343914032
14	1.363857508
14	1.390448689
14	1.417039871
14	1.430335522
14	1.443631172
14	1.456926823
14	1.470222473
14	1.483518004
14	1.516757011
14	1.536700487
14	1.549996138
14	1.563291788
14	1.60317862
14	1.616474152
14	1.643065453
14	1.656361103
14	1.669656634
14	1.68960011
14	1.709543467
14	1.722839117
14	1.736134768
14	1.749430418
14	1.762726068
14	1.7760216
14	1.78931725
14	1.802612901
14	1.815908432
14	1.829204082
14	1.842499733
14	1.855795383
14	1.895682216
14	1.908977747
14	1.922273397
14	1.948864698
14	1.962160349
14	1.97545588
14	1.988751531
14	2.002047062
14	2.015342712
14	2.028638363
14	2.041934013
14	2.055229664
14	2.068525314
14	2.095116377
14	2.121707678
14	2.141651154
14	2.161594629
14	2.174890041
14	2.188185692
14	2.214776993
14	2.228072643
14	2.241368294
14	2.267959595
14	2.281255007
14	2.294550657
14	2.307846308
14	2.321141958
14	2.334437609
14	2.36102891
15	-3.907585621
15	-3.889097691
15	-3.870609283
15	-3.858283997
15	-3.833632946
15	-3.821307659
15	-3.808981895
15	-3.796656609
15	-3.784331083
15	-3.772005558
15	-3.759680271
15	-3.747354507
15	-3.722703934
15	-3.698052883
15	-3.654913664
15	-3.636425495
15	-3.624100208
15	-3.611774445
15	-3.599449158
15	-3.587123632
15	-3.574798107
15	-3.56247282
15	-3.550147057
15	-3.507008076
15	-3.488519907
15	-3.476194382
15	-3.445380688
15	-3.38991642
15	-3.377590656
15	-3.352939844
15	-3.340614319
15	-3.328289032
15	-3.315963268
15	-3.303637981
15	-3.291312695
15	-3.278986931
15	-3.266661644
15	-3.254336119
15	-3.242010593
15	-3.229685307
15	-3.217359543
15	-3.205034256
15	-3.192708969
15	-3.174220562
15	-3.137244225
15	-3.112593174
15	-3.094105244
15	-3.08177948
15	-3.069454193
15	-3.057128668
15	-3.044803143
15	-3.020152092
15	-2.995501518
15	-2.983175755
15	-2.970850468
15	-2.958524942
15	-2.93387413
15	-2.921548367
15	-2.903060436
15	-2.884572029
15	-2.872246742
15	-2.859921455
15	-2.847595692
15	-2.810619354
15	-2.798294067
15	-2.785968304
15	-2.773643017
15	-2.76131773
15	-2.730504036
15	-2.712015629
15	-2.687364578
15	-2.675039291
15	-2.662714005
15	-2.650388241
15	-2.625737429
15	-2.601086617
15	-2.588760853
15	-2.576435566
15	-2.564110279
15	-2.551784515
15	-2.539459229
15	-2.527133703
15	-2.514808178
15	-2.496320009
15	-2.45318079
15	-2.440855503
15	-2.416204453
15	-2.403879166
15	-2.391553402
15	-2.354577065
15	-2.342251778
15	-2.329926252
15	-2.317600727
15	-2.30527544
15	-2.292949677
15	-2.28062439
15	-2.268299103
15	-2.255973339
15	-2.243648052
15	-2.212834358
15	-2.194346189
15	-2.182020664
15	-2.169695377
15	-2.157369614
15	-2.138881683
15	-2.108067989
15	-2.095742464
15	-2.077254295
15	-2.052603245
15	-2.034115314
15	-1.97865057
15	-1.960162401
15	-1.947836876
15	-1.923185945
15	-1.910860538
15	-1.898535013
15	-1.886209488
15	-1.873884082
15	-1.861558676
15	-1.84923315
15	-1.836907625
15	-1.824582219
15	-1.812256813
15	-1.787605762
15	-1.775280356
15	-1.756792068
15	-1.7383039
15	-1.719815731
15	-1.701327562
15	-1.689002037
15	-1.67667675
15	-1.639700294
15	-1.627374887
15	-1.615049362
15	-1.602723837
15	-1.578073025
15	-1.565747499
15	-1.541096568
15	-1.504120111
15	-1.467143774
15	-1.442492843
15	-1.417841911
15	-1.405516386
15	-1.380865574
15	-1.362377405
15	-1.343889117
15	-1.331563711
15	-1.319238186
15	-1.306912661
15	-1.294587255
15	-1.276098967
15	-1.257610798
15	-1.232959986
15	-1.22063446
15	-1.208308935
15	-1.195983529
15	-1.183658123
15	-1.171332598
15	-1.152844429
15	-1.13435626
15	-1.122030735
15	-1.10970521
15	-1.097379923
15	-1.072728872
15	-1.060403466
15	-1.02342701
15	-1.011101604
15	-0.9987760782
15	-0.9864506721
15	-0.9741251469
15	-0.9617997408
15	-0.9494742155
15	-0.9371488094
15	-0.9248232841
15	-0.9124978781
15	-0.9001723528
15	-0.8878469467
15	-0.8755214214
15	-0.8631960154
15	-0.8508704901
15	-0.838545084
15	-0.8138941526
15	-0.801568687
15	-0.7892432213
15	-0.7769178152
15	-0.7645922899
15	-0.7522668839
15	-0.7399413586
15	-0.7276159525
15	-0.7152904272
15	-0.7029650211
15	-0.6906394958
15	-0.6783140898
15	-0.6413376331
15	-0.6166867018
15	-0.6043612957
15	-0.5920357704
15	-0.5797103643
15	-0.5673848391
15	-0.5427339077
15	-0.5304085016
15	-0.5180829763
15	-0.5057575703
15	-0.4934320748
15	-0.4811066091
15	-0.4564556777
15	-0.4379674792
15	-0.4194792807
15	-0.407153815
15	-0.3948283494
15	-0.3825028837
15	-0.370177418
15	-0.3578519821
15	-0.3332010508
15	-0.3208755851
15	-0.3085501194
15	-0.2900619209
15	-0.2715737224
15	-0.2592482567
15	-0.2345973253
15	-0.2222718596
15	-0.1976209283
15	-0.1852954626
15	-0.1729699969
15	-0.1606445313
15	-0.1483190656
15	-0.1236681491
15	-0.111342676
15	-0.09901721776
15	-0.08669175208
15	-0.0743662864
15	-0.06204082072
15	-0.0435526222
15	-0.01890169643
15	0.01191196498
15	0.0304001607
15	0.04888835922
15	0.1598175466
15	0.1721429974
15	0.1844684631
15	0.2214448601
15	0.2399330437
15	0.2584212422
15	0.2830721736
15	0.2953976393
15	0.307723105
15	0.3200485706
15	0.3323740363
15	0.344699502
15	0.3693504333
15	0.3878386319
15	0.4063268304
15	0.4186522961
15	0.4494659603
16	-4.499009609
16	-4.471215725
16	-4.422576904
16	-4.415628433
16	-4.401731491
16	-4.39478302
16	-4.339195728
16	-4.266237259
16	-4.255814552
16	-4.24191761
16	-4.221072197
16	-4.214124203
16	-4.207175732
16	-4.200227261
16	-4.172433376
16	-4.144639492
16	-4.130743027
16	-4.116846085
16	-4.102949142
16	-4.096000671
16	-4.075155258
16	-4.068206787
16	-4.047361851
16	-4.026516438
16	-4.019567966
16	-3.957032204
16	-3.950083733
16	-3.93618679
16	-3.873651028
16	-3.838908911
16	-3.83196044
16	-3.825011969
16	-3.818063498
16	-3.811115026
16	-3.783321381
16	-3.769424438
16	-3.762476206
16	-3.706888676
16	-3.672146559
16	-3.665198088
16	-3.658249617
16	-3.644352913
16	-3.637404442
16	-3.609610558
16	-3.599188089
16	-3.574868441
16	-3.540126324
16	-3.512332678
16	-3.477590561
16	-3.435899973
16	-3.394209385
16	-3.373363972
16	-3.338622093
16	-3.283034563
16	-3.241343975
16	-3.234395504
16	-3.227447033
16	-3.220498562
16	-3.210076094
16	-3.192704916
16	-3.171859741
16	-3.157962799
16	-3.151014328
16	-3.137117386
16	-3.116272211
16	-3.067633152
16	-3.0294168
16	-3.005097389
16	-2.998148918
16	-2.977303743
16	-2.963406801
16	-2.95645833
16	-2.93213892
16	-2.893922567
16	-2.866128922
16	-2.852231979
16	-2.838335037
16	-2.831386566
16	-2.817489862
16	-2.810541391
16	-2.80359292
16	-2.796644449
16	-2.77927351
16	-2.761902332
16	-2.74800539
16	-2.741057158
16	-2.727160215
16	-2.720211744
16	-2.713263273
16	-2.706315041
16	-2.69936657
16	-2.692418098
16	-2.685469627
16	-2.678521156
16	-2.657675982
16	-2.65072751
16	-2.643779039
16	-2.636830568
16	-2.629882336
16	-2.622933865
16	-2.615985394
16	-2.605562687
16	-2.59513998
16	-2.588191509
16	-2.574294806
16	-2.567346334
16	-2.560397863
16	-2.54650116
16	-2.525655746
16	-2.518707275
16	-2.49091363
16	-2.470068455
16	-2.463119984
16	-2.456171513
16	-2.435326099
16	-2.386687279
16	-2.341522455
16	-2.310254574
16	-2.275512218
16	-2.254667044
16	-2.223399162
16	-2.192131281
16	-2.133069515
16	-2.101801634
16	-2.067059517
16	-2.053162575
16	-2.039265633
16	-2.0323174
16	-2.025368929
16	-2.018420458
16	-2.011471987
16	-2.004523516
16	-1.983678341
16	-1.97672987
16	-1.969781399
16	-1.962833047
16	-1.955884576
16	-1.921142459
16	-1.910719872
16	-1.900297165
16	-1.886400342
16	-1.879451871
16	-1.844709754
16	-1.837761283
16	-1.816915989
16	-1.809967518
16	-1.803019166
16	-1.796070814
16	-1.789122343
16	-1.768277049
16	-1.761328578
16	-1.754380226
16	-1.747431755
16	-1.726586461
16	-1.67099905
16	-1.636256933
16	-1.594566345
16	-1.552875757
16	-1.525081992
16	-1.469494581
16	-1.448649287
16	-1.400010347
16	-1.393061876
16	-1.386113405
16	-1.379164934
16	-1.372216582
16	-1.361793995
16	-1.351371288
16	-1.337474465
16	-1.330525994
16	-1.3096807
16	-1.267990112
16	-1.233247995
16	-1.198505878
16	-1.149866819
16	-1.142918348
16	-1.129021525
16	-1.122073174
16	-1.115124702
16	-1.108176231
16	-1.094279408
16	-1.080382586
16	-1.073434114
16	-1.066485643
16	-1.059537292
16	-1.045640469
16	-1.031743526
16	-1.024795055
16	-1.017846704
16	-1.010898232
16	-0.9692077041
16	-0.9414139986
16	-0.9344655275
16	-0.9066718817
16	-0.8962491751
16	-0.8823523521
16	-0.8649812937
16	-0.8510844111
16	-0.7850743532
16	-0.7746516466
16	-0.7399095297
16	-0.7260127068
16	-0.7121158242
16	-0.7051674128
16	-0.6982189417
16	-0.6843221188
16	-0.6773736477
16	-0.6530541778
16	-0.6426315308
16	-0.6356830597
16	-0.6148378253
16	-0.6044151783
16	-0.5592503548
16	-0.5210340023
16	-0.4897661209
16	-0.4723950028
16	-0.4550239444
16	-0.4480755329
16	-0.4411271214
16	-0.4341786504
16	-0.4237560034
16	-0.3785912395
16	-0.3438490927
16	-0.3369006515
16	-0.32995224
16	-0.288261652
16	-0.267416358
16	-0.2326742411
16	-0.1979320943
16	-0.1736125946
16	-0.1492930949
16	-0.1423446536
16	-0.1284478009
16	-0.1214993745
16	-0.1076025143
16	-0.08675722778
16	-0.04506665468
16	-0.01727293618
16	-0.01032450795
16	0.02094342187
16	0.03831449151
16	0.05221135169
16	0.08000506461
16	0.1216956377
16	0.128644079
16	0.1564377844
16	0.1703346372
16	0.1877057254
16	0.2189736366
16	0.2606642246
16	0.2676126361
16	0.2745610774
16	0.3093032241
16	0.3475195765
17	-1.401729703
17	-1.304837584
17	-1.216046572
17	-1.112012863
17	-1.111799598
17	-1.109880924
17	-1.1068964
17	-1.106683254
17	-1.105404139
17	-1.104551315
17	-1.104338169
17	-1.101353645
17	-1.10114038
17	-1.100927234
17	-1.09975481
17	-1.09900856
17	-1.097729445
17	-1.097516298
17	-1.097303152
17	-1.09112072
17	-1.090907574
17	-1.0889889
17	-1.087070227
17	-1.08685708
17	-1.084085703
17	-1.083019733
17	-1.082806587
17	-1.082593441
17	-1.081101179
17	-1.080887914
17	-1.079182506
17	-1.07896924
17	-1.07683742
17	-1.076197863
17	-1.075345159
17	-1.07502532
17	-1.074279308
17	-1.064899206
17	-1.042514801
17	-1.026099682
17	-1.011389971
17	-1.004141808
17	-0.9951879978
17	-0.9943352938
17	-0.9741894007
17	-0.9566017389
17	-0.9340042472
17	-0.913751781
17	-0.9075694084
17	-0.894138813
17	-0.8868905902
17	-0.8866773844
17	-0.8659986258
17	-0.8515020609
17	-0.850009799
17	-0.8306100368
17	-0.8106773496
17	-0.8071597815
17	-0.8050279617
17	-0.7892524004
17	-0.7773140669
17	-0.7651625872
17	-0.7647362351
17	-0.7513056397
17	-0.749600172
17	-0.7406464815
17	-0.7336113453
17	-0.7226324081
17	-0.7106940746
17	-0.7103743553
17	-0.6909745932
17	-0.6767978668
17	-0.6615552306
17	-0.6427950263
17	-0.6251007318
17	-0.6123096943
17	-0.6006911993
17	-0.60037148
17	-0.5805453062
17	-0.5745761991
17	-0.5737234354
17	-0.5485677719
17	-0.5379085541
17	-0.5229856968
17	-0.5084891915
17	-0.5082759857
17	-0.5008145571
17	-0.4865312576
17	-0.4773643315
17	-0.4771511555
17	-0.4605228007
17	-0.442828536
17	-0.4330220819
17	-0.4244947433
17	-0.4070136547
17	-0.3822843134
17	-0.3677878082
17	-0.3513726592
17	-0.3351706862
17	-0.3228060007
17	-0.3124665916
17	-0.2878438234
17	-0.2742000818
17	-0.273986876
17	-0.2541607916
17	-0.2473389059
17	-0.2390247285
17	-0.2170667946
17	-0.2083262503
17	-0.2081130743
17	-0.1944693029
17	-0.183170557
17	-0.1611060202
17	-0.1482083946
17	-0.140960142
17	-0.1262504458
17	-0.1170835495
17	-0.1117539406
17	-0.1008815616
17	-0.08617188036
17	-0.08073569089
17	-0.07252810895
17	-0.06144254655
17	-0.0492910631
17	-0.04673285782
17	-0.02925177664
17	-0.02456173114
17	-0.003456525737
17	0.01445092168
17	0.03512975946
17	0.04941308126
17	0.05794043839
17	0.07989837229
17	0.09290260077
17	0.1094243452
17	0.1254131496
17	0.1378844082
17	0.1530204564
17	0.1532336473
17	0.1626137197
17	0.1730597317
17	0.1824398339
17	0.1916067302
17	0.208021909
17	0.2083416879
17	0.2182547301
17	0.2342435122
17	0.2508718669
17	0.265794754
17	0.2785857916
17	0.2905240655
17	0.3065128624
17	0.3075788021
17	0.3222884536
17	0.3342267871
17	0.3344399333
17	0.3519210219
17	0.3679098487
17	0.3789953887
17	0.3868831992
17	0.3986083269
17	0.4072422385
17	0.4075620174
17	0.420779407
17	0.4233376384
17	0.4361286759
17	0.4538229108
17	0.4698117375
17	0.4838818908
17	0.4970992804
17	0.498378396
17	0.503708005
17	0.5290768147
17	0.5335537195
17	0.5515677929
17	0.5621203184
17	0.5806673765
17	0.6030516624
17	0.622025013
17	0.6285271645
17	0.6405720711
17	0.6616772413
17	0.6759605408
17	0.6993042231
17	0.7215819359
17	0.7320278883
17	0.7352256775
17	0.7450321317
17	0.7598484159
17	0.7601681948
17	0.7657109499
17	0.7829788923
17	0.7981148958
17	0.8109059334
17	0.8263617754
17	0.8503450155
17	0.8614305258
17	0.8836016655
17	0.8878653049
17	0.8912763
17	0.9102497101
17	0.9317812324
17	0.9594951868
17	0.9865695238
17	1.011298895
17	1.031338096
17	1.050951004
17	1.057772875
17	1.067792535
17	1.081009984
17	1.090603232
17	1.109789848
17	1.121195078
17	1.129402637
17	1.149015665
17	1.166283488
17	1.185470104
17	1.204443455
17	1.221178293
17	1.232370496
17	1.235994697
17	1.257526159
17	1.267119527
17	1.278631449
17	1.292062044
17	1.31231451
17	1.340241551
17	1.379680634
17	1.419865847
17	1.46324873
17	1.504606485
17	1.537223577
17	1.582631707
17	1.624522328
17	1.669184327
17	1.714272738
17	1.756483078
17	1.797094703
17	1.840584159
17	1.880449533
17	1.919995189
17	1.959327698
17	1.980006456
17	1.998340249
17	2.030424595
17	2.046519756
17	2.068904161
17	2.069117308
17	2.103013515
17	2.11388588
17	2.128808737
17	2.159294128
17	2.188500404
17	2.188713551
18	-2.388396025
18	-2.347401381
18	-2.306406736
18	-2.265412092
18	-2.224417448
18	-2.183422804
18	-2.142428398
18	-2.101433754
18	-2.06043911
18	-1.998947144
18	-1.937455177
18	-1.896460533
18	-1.855465889
18	-1.814471364
18	-1.77347672
18	-1.732482076
18	-1.691487551
18	-1.650492907
18	-1.609498262
18	-1.568503618
18	-1.527508974
18	-1.466017008
18	-1.404525161
18	-1.363530517
18	-1.322535992
18	-1.281541348
18	-1.240546703
18	-1.199552059
18	-1.158557415
18	-1.117562771
18	-1.076568246
18	-1.035573602
18	-0.9945789576
18	-0.953584373
18	-0.9125897884
18	-0.8715951443
18	-0.8306005001
18	-0.7691085935
18	-0.7076166868
18	-0.6666220427
18	-0.6256273985
18	-0.5846328139
18	-0.5436382294
18	-0.5026435852
18	-0.461648941
18	-0.4206543565
18	-0.3796597123
18	-0.3386651278
18	-0.2976704836
18	-0.2566758692
18	-0.2156812549
18	-0.1746866405
18	-0.1336920261
18	-0.09269740433
18	-0.05170278624
18	-0.01070816815
18	0.03028644808
18	0.07128106803
18	0.1122756898
18	0.1532703042
18	0.1942649186
18	0.2352595329
18	0.2762541771
18	0.3172487617
18	0.3582434058
18	0.3992379904
18	0.4402326345
18	0.4812272191
18	0.5222218633
18	0.5632164478
18	0.604211092
18	0.6452057362
18	0.6862003207
18	0.7271949053
18	0.7681895494
18	0.8091841936
18	0.8501788378
18	0.8911734223
18	0.952665329
18	1.014157295
18	1.055151939
18	1.096146464
18	1.137141109
18	1.178135753
18	1.2396276
18	1.301119566
18	1.34211421
18	1.383108854
18	1.424103498
18	1.465098023
18	1.506092668
18	1.567584634
18	1.629076481
18	1.670071125
18	1.711065769
18	1.752060413
18	1.793055058
18	1.834049582
18	1.875044227
18	1.936536193
18	1.99802804
18	2.039022684
18	2.080017328
18	2.121011972
18	2.162006617
18	2.203001261
18	2.243995667
18	2.284990311
18	2.325984955
18	2.366979599
19	-2.196327686
19	-2.121785402
19	-2.04724288
19	-1.972700357
19	-1.898158073
19	-1.823615551
19	-1.749073148
19	-1.674530745
19	-1.599988222
19	-1.5254457
19	-1.450903416
19	-1.376360893
19	-1.301818371
19	-1.227275968
19	-1.152733564
19	-1.078191042
19	-1.003648639
19	-0.9291062355
19	-0.8545637131
19	-0.7800213099
19	-0.705478847
19	-0.6309363842
19	-0.556393981
19	-0.4818515182
19	-0.4073090553
19	-0.3327665925
19	-0.2582241595
19	-0.1836817265
19	-0.1091392636
19	-0.03459681571
19	0.03994563222
19	0.1144880801
19	0.1890305281
19	0.2635729909
19	0.3381154239
19	0.4126578569
19	0.4872003198
19	0.5617427826
19	0.6362851858
19	0.7108277082
19	0.7853701115
19	0.8599125147
19	0.9344550371
19	1.00899744
19	1.083539963
19	1.158082366
19	1.232624769
19	1.307167292
19	1.381709695
19	1.456252098
19	1.530794621
19	1.605337024
20	-2.665680408
20	-2.642015934
20	-2.630183458
20	-2.618351221
20	-2.594686508
20	-2.582854271
20	-2.571022034
20	-2.559189558
20	-2.547357082
20	-2.535524845
20	-2.523692608
20	-2.500027895
20	-2.476363182
20	-2.452698708
20	-2.429033995
20	-2.4112854
20	-2.381704807
20	-2.36987257
20	-2.310710907
20	-2.287046194
20	-2.257465363
20	-2.239717007
20	-2.227884531
20	-2.216052294
20	-2.204219818
20	-2.192387581
20	-2.180555344
20	-2.168722868
20	-2.133225918
20	-2.121393681
20	-2.097728968
20	-2.062232018
20	-2.038567543
20	-2.026735067
20	-2.014902592
20	-1.991238117
20	-1.97940588
20	-1.955741167
20	-1.943908811
20	-1.902495623
20	-1.884747267
20	-1.861082554
20	-1.849250317
20	-1.825585604
20	-1.801920891
20	-1.778256297
20	-1.766423941
20	-1.742759347
20	-1.730926991
20	-1.707262278
20	-1.683597803
20	-1.671765327
20	-1.65993309
20	-1.630352259
20	-1.606687546
20	-1.577106833
20	-1.565274477
20	-1.529777527
20	-1.512029052
20	-1.482448339
20	-1.464699745
20	-1.435118914
20	-1.423286676
20	-1.41145432
20	-1.393705845
20	-1.364125013
20	-1.352292776
20	-1.328628063
20	-1.316795826
20	-1.287214994
20	-1.263550282
20	-1.245801806
20	-1.23396945
20	-1.1984725
20	-1.174807787
20	-1.151143312
20	-1.115646243
20	-1.097897768
20	-1.074233055
20	-1.056484699
20	-1.032819986
20	-1.020987749
20	-0.9973230362
20	-0.9736583829
20	-0.9499937296
20	-0.9263291359
20	-0.902664423
20	-0.8789998293
20	-0.855335176
20	-0.8316705227
20	-0.808005929
20	-0.7843412161
20	-0.7547603846
20	-0.7370119095
20	-0.7133473158
20	-0.6896826625
20	-0.6660180092
20	-0.630521059
20	-0.6068564057
20	-0.5950241089
20	-0.571359396
20	-0.5476948023
20	-0.5358624458
20	-0.5121978521
20	-0.4885331988
20	-0.470784694
20	-0.4530362189
20	-0.4412038922
20	-0.4175392389
20	-0.3938745856
20	-0.3761261106
20	-0.3465453386
20	-0.3110483289
20	-0.299216032
20	-0.2873837054
20	-0.2755513787
20	-0.2578029037
20	-0.2400544137
20	-0.2282221019
20	-0.2163897753
20	-0.192725122
20	-0.1690604985
20	-0.1335635185
20	-0.1217311919
20	-0.1098988801
20	-0.09806655347
20	-0.07440190762
20	-0.0566534251
20	-0.02707261965
20	-0.01524029672
20	0.0143405078
20	0.05575363338
20	0.06758596003
20	0.09125059843
20	0.1089990884
20	0.1385798901
20	0.1504122168
20	0.1740768552
20	0.1918253303
20	0.2154899836
20	0.2332384735
20	0.2450708002
20	0.2569031119
20	0.2687354088
20	0.2805677652
20	0.2924000621
20	0.3042324185
20	0.3397293687
20	0.3515616655
20	0.3693101704
20	0.3870586753
20	0.4225556254
20	0.4343879223
20	0.4462202787
20	0.4580525756
20	0.469884932
20	0.4817172289
20	0.4935495555
20	0.5053818822
20	0.517214179
20	0.5467950106
20	0.5763758421
20	0.5882081389
20	0.6118727922
20	0.6237050891
20	0.6473697424
20	0.6710343957
20	0.6828666925
20	0.694699049
20	0.7065313458
20	0.7183636427
20	0.7479444742
20	0.7656929493
20	0.7775253057
20	0.7952737808
20	0.8248546124
20	0.848519206
20	0.8603515625
20	0.8721838593
20	0.8958485126
20	0.9135969877
20	0.9313454628
20	0.9431778193
20	0.9727586508
20	0.9905071259
20	1.031920195
20	1.049668789
20	1.073333263
20	1.085165739
20	1.108830214
20	1.132494926
20	1.144327283
20	1.19165659
20	1.203488827
20	1.22715354
20	1.238985777
20	1.26265049
20	1.286315203
20	1.304063559
20	1.327728271
20	1.345476747
20	1.357309103
20	1.392806053
20	1.40463829
20	1.428303003
20	1.440135241
20	1.463799953
20	1.47563231
20	1.499296904
20	1.51112926
20	1.546626329
20	1.564374685
20	1.593955517
20	1.605787754
20	1.629452467
20	1.641284823
20	1.68861413
20	1.718194962
20	1.75960803
20	1.777356505
20	1.812853456
20	1.830601931
20	1.848350525
20	1.877931237
20	1.901595831
20	1.937092781
20	1.972589731
20	1.996254444
20	2.019919157
20	2.04358387
20	2.055416107
20	2.067248344
20	2.079080582
20	2.102745533
20	2.132326126
20	2.173739433
20	2.197403908
20	2.209236145
20	2.232900858
20	2.268397808
20	2.280230045
20	2.292062521
20	2.303894997
20	2.339391708
20	2.351224184
20	2.392637253
20	2.422218084
20	2.434050322
20	2.457715034
20	2.487295866
20	2.50504446
20	2.528708935
20	2.552373648
20	2.564205885
21	2.276403904
22	2.066244602
23	-0.4306353033
23	-0.4226902127
23	-0.4080187678
23	-0.3783477545
23	-0.3343451023
23	-0.2379259914
23	-0.11238271
23	0.09166613221
23	0.2619737387
23	0.3699862957
23	0.7501121163
23	2.220464468
24	-0.2680449486
24	0.1208329797
24	0.3344130516
24	0.3847904205
24	0.4661946595
24	0.5831187367
24	0.674600482
24	0.7848774195
24	0.8603488207
24	0.9073138237
24	1.161383033
24	1.411235929
24	1.466145754
24	1.538259029
24	1.720974445
24	1.923889637
24	1.994274378
24	2.134873867
24	2.421799183
24	3.527827024
24	4.527736664
24	6.435359001
24	9.422706604
25	-2.192107677
25	-1.775918126
25	-1.359728694
25	-0.9435392022
25	-0.5273497105
25	-0.1111601964
25	0.3050293028
25	0.7212188244
25	1.137408257
25	1.553597689
25	1.96978724
25	2.385976791
26	-6.242160797
26	-6.165881634
26	-6.089601994
26	-6.013322353
26	-5.93704319
26	-5.86076355
26	-5.78448391
26	-5.708204269
26	-5.631924629
26	-5.555644989
26	-5.479365826
26	-5.403086185
26	-5.326806545
26	-5.250527382
26	-5.174247742
26	-5.097968102
26	-5.021688461
26	-4.945408821
26	-4.869129658
26	-4.792850018
26	-4.716570377
26	-4.640291214
26	-4.564011574
26	-4.487731934
26	-4.411452293
26	-4.335172653
26	-4.25889349
26	-4.18261385
26	-4.106334209
26	-4.030054569
26	-3.953775406
26	-3.877495766
26	-3.801216125
26	-3.724936724
26	-3.648657322
26	-3.572377682
26	-3.496098042
26	-3.41981864
26	-3.343539238
26	-3.229119778
26	-3.114700556
26	-3.038421154
26	-2.962141514
26	-2.885861874
26	-2.809582472
26	-2.73330307
26	-2.65702343
26	-2.58074379
26	-2.504464388
26	-2.428184986
26	-2.351905346
26	-2.275625706
26	-2.199346304
26	-2.123066902
26	-2.046787262
26	-1.970507622
26	-1.89422822
26	-1.81794858
26	-1.741669178
26	-1.665389538
26	-1.589110136
26	-1.512830496
26	-1.436551094
26	-1.360271454
26	-1.283992052
26	-1.207712412
26	-1.13143301
26	-1.05515337
26	-0.9788739085
26	-0.9025943875
26	-0.8263148665
26	-0.7500353456
26	-0.6737558246
26	-0.5974763036
26	-0.5211967826
26	-0.4449172616
26	-0.3686377406
26	-0.2923582196
26	-0.2160786986
26	-0.1397991627
26	-0.06351964176
26	0.01275988482
26	0.08903941512
26	0.1653189361
26	0.2415984571
27	-1.128711224
27	-1.115783453
27	-1.098546267
27	-1.081309319
27	-1.072690725
27	-1.064072132
27	-1.059762955
27	-1.055453539
27	-1.046835065
27	-1.042525768
27	-1.038216591
27	-1.033907175
27	-1.029597998
27	-1.020979404
27	-1.016670227
27	-1.008051634
27	-1.003742337
27	-0.9951238036
27	-0.9908145666
27	-0.9821959734
27	-0.9735774994
27	-0.9692682028
27	-0.9649589062
27	-0.9606496096
27	-0.9520311356
27	-0.947721839
27	-0.9391033053
27	-0.9347940683
27	-0.9304847717
27	-0.9218661785
27	-0.9132477045
27	-0.9089384079
27	-0.8917013407
27	-0.8873920441
27	-0.8787735105
27	-0.8744642735
27	-0.8658456802
27	-0.848608613
27	-0.8399900794
27	-0.8356808424
27	-0.8270622492
27	-0.8227530122
27	-0.8055158854
27	-0.7968974113
27	-0.7882788181
27	-0.7839695811
27	-0.7796602845
27	-0.7710417509
27	-0.7538046837
27	-0.7365676165
27	-0.7236397862
27	-0.7193305492
27	-0.7150212526
27	-0.710711956
27	-0.6977841854
27	-0.6891655922
27	-0.6848563552
27	-0.667619288
27	-0.6546914577
27	-0.6374543905
27	-0.6331450939
27	-0.6115987301
27	-0.5986709595
27	-0.5943616629
27	-0.5900523663
27	-0.5771245956
27	-0.5167948008
27	-0.5038670301
27	-0.4952484369
27	-0.4909391999
27	-0.4823206663
27	-0.4737021327
27	-0.4650835693
27	-0.4607743025
27	-0.4478464723
27	-0.430609405
27	-0.4219908714
27	-0.4133723378
27	-0.4090630412
27	-0.4004445076
27	-0.3832074404
27	-0.3788981438
27	-0.3745889068
27	-0.3616610765
27	-0.3573518395
27	-0.3444240093
27	-0.3401147127
27	-0.3358054757
27	-0.3314961791
27	-0.3228776455
27	-0.3185684085
27	-0.3142591119
27	-0.3099498153
27	-0.3056405783
27	-0.2970220447
27	-0.2927127481
27	-0.288403511
27	-0.2711663842
27	-0.2496200502
27	-0.2410015166
27	-0.2280737162
27	-0.2194551677
27	-0.2108366191
27	-0.2065273523
27	-0.2022180855
27	-0.1892902702
27	-0.1849810034
27	-0.1763624698
27	-0.1677439213
27	-0.1591253877
27	-0.1418883055
27	-0.1289604902
27	-0.1246512234
27	-0.1117234081
27	-0.1074141413
27	-0.09879560024
27	-0.08586779237
27	-0.07293997705
27	-0.06432144344
27	-0.03846581653
27	-0.034156546
27	-0.01691946574
27	-0.0126101952
27	-0.003991654608
27	0.008936155587
27	0.01324542612
27	0.02186396718
27	0.02617323771
27	0.04341031611
27	0.06064739823
27	0.0692659393
27	0.07357521355
27	0.09512156248
27	0.09943082929
27	0.1080493703
27	0.1382142603
27	0.1554513425
27	0.202853322
27	0.2373274863
27	0.2588738203
27	0.2847294509
27	0.3170489669
27	0.323512882
27	0.3364406824
27	0.340749979
27	0.345059216
27	0.3536777496
27	0.4032343924
27	0.4140075445
27	0.4183168411
27	0.4312446117
27	0.4355539083
27	0.4764919877
27	0.482955873
27	0.5023475885
27	0.5217393041
27	0.5260486007
27	0.5346671343
27	0.5389764309
27	0.5432856679
27	0.5519042015
27	0.5562134981
27	0.5605227351
27	0.5648320317
27	0.5734505653
27	0.5993061662
27	0.6036154628
27	0.616543293
27	0.6510174274
27	0.6553267241
27	0.6854915619
27	0.6898008585
27	0.6941101551
27	0.7199657559
27	0.7458213568
27	0.7501306534
27	0.75443995
27	0.7673677206
27	0.7716770172
27	0.797532618
27	0.8492438793
27	0.8923365474
27	0.9354292154
27	0.939738512
27	0.9699034095
27	0.9957590103
27	1.000068307
27	1.030233145
27	1.081944466
27	1.103490829
27	1.129346371
27	1.159511328
27	1.185366869
27	1.232768893
27	1.273706913
27	1.314645052
27	1.329727411
27	1.366356373
27	1.387902737
27	1.413758278
27	1.456851006
27	1.469778776
27	1.521490097
27	1.560273409
27	1.577510595
27	1.603366137
27	1.633531094
27	1.642149568
27	1.659386635
27	1.672314405
27	1.685242176
27	1.689551592
27	1.71971643
27	1.724025726
27	1.767118454
27	1.792973995
27	1.797283411
27	1.857613087
27	1.879159451
27	1.896396518
27	1.905014992
27	1.924406767
27	1.956726313
27	1.96103549
27	1.995509744
27	2.019210815
27	2.055839539
27	2.068767309
27	2.137715816
27	2.198045254
27	2.232519627
27	2.236828804
27	2.249756813
27	2.262684345
27	2.266993761
27	2.292849541
27	2.310086489
27	2.383344173
27	2.387653351
27	2.400581121
27	2.44151926
27	2.452292442
27	2.460910797
27	2.471683979
27	2.532013893
27	2.689302206
27	2.72377634
27	2.814270973
27	2.960786343
27	2.990951061
27	3.055590153
27	3.094373703
27	3.167631149
27	3.344311237
